fileName,path
openEuler_Embedded用户指南_SDK应用开发.txt,https://docs.openeuler.org/zh/docs/22.03_LTS/docs/Embedded/SDK%E5%BA%94%E7%94%A8%E5%BC%80%E5%8F%91.html
openEuler_Embedded用户指南_安装与运行.txt,https://docs.openeuler.org/zh/docs/22.03_LTS/docs/Embedded/%E5%AE%89%E8%A3%85%E4%B8%8E%E8%BF%90%E8%A1%8C.html
openEuler_Embedded用户指南_构建指导_快速构建指导.txt,https://docs.openeuler.org/zh/docs/22.03_LTS/docs/Embedded/%E5%BF%AB%E9%80%9F%E6%9E%84%E5%BB%BA%E6%8C%87%E5%AF%BC.html
openEuler_Embedded用户指南_构建指导_容器构建指导.txt,https://docs.openeuler.org/zh/docs/22.03_LTS/docs/Embedded/%E5%AE%B9%E5%99%A8%E6%9E%84%E5%BB%BA%E6%8C%87%E5%AF%BC.html
openEuler_KubeEdge部署指南_KubeEdge部署指南.txt,https://docs.openeuler.org/zh/docs/22.03_LTS/docs/KubeEdge/KubeEdge%E9%83%A8%E7%BD%B2%E6%8C%87%E5%8D%97.html
openEuler_Kubernetes集群部署指南_手动部署集群_安装 Kubernetes 软件包,https://docs.openeuler.org/zh/docs/22.03_LTS/docs/Kubernetes/%E5%AE%89%E8%A3%85Kubernetes%E8%BD%AF%E4%BB%B6%E5%8C%85.html
openEuler_Kubernetes集群部署指南_手动部署集群_安装etcd.txt,https://docs.openeuler.org/zh/docs/22.03_LTS/docs/Kubernetes/%E5%AE%89%E8%A3%85etcd.html
openEuler_Kubernetes集群部署指南_手动部署集群_部署 Node 节点组件.txt,https://docs.openeuler.org/zh/docs/22.03_LTS/docs/Kubernetes/%E9%83%A8%E7%BD%B2Node%E8%8A%82%E7%82%B9%E7%BB%84%E4%BB%B6.html
openEuler_Kubernetes集群部署指南_手动部署集群_部署控制面组件.txt,https://docs.openeuler.org/zh/docs/22.03_LTS/docs/Kubernetes/%E9%83%A8%E7%BD%B2%E6%8E%A7%E5%88%B6%E9%9D%A2%E7%BB%84%E4%BB%B6.html
openEuler_Kubernetes集群部署指南_手动部署集群_准备证书.txt,https://docs.openeuler.org/zh/docs/22.03_LTS/docs/Kubernetes/%E5%87%86%E5%A4%87%E8%AF%81%E4%B9%A6.html
openEuler_Kubernetes集群部署指南_准备虚拟机.txt,https://docs.openeuler.org/zh/docs/22.03_LTS/docs/Kubernetes/%E5%87%86%E5%A4%87%E8%99%9A%E6%8B%9F%E6%9C%BA.html
openEuler_Kubernetes集群部署指南_自动部署集群_部署集群.txt,https://docs.openeuler.org/zh/docs/22.03_LTS/docs/Kubernetes/eggo%E9%83%A8%E7%BD%B2%E9%9B%86%E7%BE%A4.html
openEuler_Kubernetes集群部署指南_自动部署集群_拆除集群.txt,https://docs.openeuler.org/zh/docs/22.03_LTS/docs/Kubernetes/eggo%E6%8B%86%E9%99%A4%E9%9B%86%E7%BE%A4.html
openEuler_Kubernetes集群部署指南_自动部署集群_工具介绍.txt,https://docs.openeuler.org/zh/docs/22.03_LTS/docs/Kubernetes/eggo%E5%B7%A5%E5%85%B7%E4%BB%8B%E7%BB%8D.html
openEuler_StratoVirt用户指南_StratoVirt VFIO 使用说明.txt,https://docs.openeuler.org/zh/docs/22.03_LTS/docs/StratoVirt/StratoVirt-VFIO-%E4%BD%BF%E7%94%A8%E8%AF%B4%E6%98%8E.html
openEuler_StratoVirt用户指南_StratoVirt介绍.txt,https://docs.openeuler.org/zh/docs/22.03_LTS/docs/StratoVirt/StratoVirt%E4%BB%8B%E7%BB%8D.html
openEuler_StratoVirt用户指南_安装StratoVirt.txt,https://docs.openeuler.org/zh/docs/22.03_LTS/docs/StratoVirt/%E5%AE%89%E8%A3%85StratoVirt.html
openEuler_StratoVirt用户指南_对接 libvirt.txt,https://docs.openeuler.org/zh/docs/22.03_LTS/docs/StratoVirt/%E5%AF%B9%E6%8E%A5libvirt.html
openEuler_StratoVirt用户指南_对接iSula安全容器.txt,https://docs.openeuler.org/zh/docs/22.03_LTS/docs/StratoVirt/%E5%AF%B9%E6%8E%A5iSula%E5%AE%89%E5%85%A8%E5%AE%B9%E5%99%A8.html
openEuler_StratoVirt用户指南_虚拟机管理.txt,https://docs.openeuler.org/zh/docs/22.03_LTS/docs/StratoVirt/%E8%99%9A%E6%8B%9F%E6%9C%BA%E7%AE%A1%E7%90%86.html
openEuler_StratoVirt用户指南_虚拟机配置.txt,https://docs.openeuler.org/zh/docs/22.03_LTS/docs/StratoVirt/%E8%99%9A%E6%8B%9F%E6%9C%BA%E9%85%8D%E7%BD%AE.html
openEuler_StratoVirt用户指南_准备使用环境.txt,https://docs.openeuler.org/zh/docs/22.03_LTS/docs/StratoVirt/%E5%87%86%E5%A4%87%E4%BD%BF%E7%94%A8%E7%8E%AF%E5%A2%83.html
openEuler_安全加固指南_安全加固工具.txt,https://docs.openeuler.org/zh/docs/22.03_LTS/docs/SecHarden/%E5%AE%89%E5%85%A8%E5%8A%A0%E5%9B%BA%E5%B7%A5%E5%85%B7.html
openEuler_安全加固指南_操作系统加固概述.txt,https://docs.openeuler.org/zh/docs/22.03_LTS/docs/SecHarden/%E6%93%8D%E4%BD%9C%E7%B3%BB%E7%BB%9F%E5%8A%A0%E5%9B%BA%E6%A6%82%E8%BF%B0.html
openEuler_安全加固指南_加固指导_SELinux配置.txt,https://docs.openeuler.org/zh/docs/22.03_LTS/docs/SecHarden/SELinux%E9%85%8D%E7%BD%AE.html
openEuler_安全加固指南_加固指导_内核参数.txt,https://docs.openeuler.org/zh/docs/22.03_LTS/docs/SecHarden/%E5%86%85%E6%A0%B8%E5%8F%82%E6%95%B0.html
openEuler_安全加固指南_加固指导_授权认证.txt,https://docs.openeuler.org/zh/docs/22.03_LTS/docs/SecHarden/%E6%8E%88%E6%9D%83%E8%AE%A4%E8%AF%81.html
openEuler_安全加固指南_加固指导_文件权限.txt,https://docs.openeuler.org/zh/docs/22.03_LTS/docs/SecHarden/%E6%96%87%E4%BB%B6%E6%9D%83%E9%99%90.html
openEuler_安全加固指南_加固指导_系统服务.txt,https://docs.openeuler.org/zh/docs/22.03_LTS/docs/SecHarden/%E7%B3%BB%E7%BB%9F%E6%9C%8D%E5%8A%A1.html
openEuler_安全加固指南_加固指导_账户口令.txt,https://docs.openeuler.org/zh/docs/22.03_LTS/docs/SecHarden/%E5%B8%90%E6%88%B7%E5%8F%A3%E4%BB%A4.html
openEuler_安装指南_安装在服务器_FAQ.txt,https://docs.openeuler.org/zh/docs/22.03_LTS/docs/Installation/FAQ.html
openEuler_安装指南_安装在服务器_安装指导.txt,https://docs.openeuler.org/zh/docs/22.03_LTS/docs/Installation/%E5%AE%89%E8%A3%85%E6%8C%87%E5%AF%BC.html
openEuler_安装指南_安装在服务器_安装准备.txt,https://docs.openeuler.org/zh/docs/22.03_LTS/docs/Installation/%E5%AE%89%E8%A3%85%E5%87%86%E5%A4%87.html
openEuler_安装指南_安装在服务器_使用kickstart自动化安装.txt,https://docs.openeuler.org/zh/docs/22.03_LTS/docs/Installation/%E4%BD%BF%E7%94%A8kickstart%E8%87%AA%E5%8A%A8%E5%8C%96%E5%AE%89%E8%A3%85.html
openEuler_安装指南_安装在树莓派_FAQ.txt,https://docs.openeuler.org/zh/docs/22.03_LTS/docs/Installation/FAQ-1.html
openEuler_安装指南_安装在树莓派_安装方式介绍.txt,https://docs.openeuler.org/zh/docs/22.03_LTS/docs/Installation/%E5%AE%89%E8%A3%85%E6%96%B9%E5%BC%8F%E4%BB%8B%E7%BB%8D-1.html
openEuler_安装指南_安装在树莓派_安装指导.txt,https://docs.openeuler.org/zh/docs/22.03_LTS/docs/Installation/%E5%AE%89%E8%A3%85%E6%8C%87%E5%AF%BC-1.html
openEuler_安装指南_安装在树莓派_安装准备.txt,https://docs.openeuler.org/zh/docs/22.03_LTS/docs/Installation/%E5%AE%89%E8%A3%85%E5%87%86%E5%A4%87-1.html
openEuler_管理员指南_FAQ.txt,https://docs.openeuler.org/zh/docs/22.03_LTS/docs/Administration/FAQ-54.html
openEuler_管理员指南_查看系统信息.txt,https://docs.openeuler.org/zh/docs/22.03_LTS/docs/Administration/%E6%9F%A5%E7%9C%8B%E7%B3%BB%E7%BB%9F%E4%BF%A1%E6%81%AF.html
openEuler_管理员指南_搭建服务_搭建FTP服务器.txt,https://docs.openeuler.org/zh/docs/22.03_LTS/docs/Administration/%E6%90%AD%E5%BB%BAFTP%E6%9C%8D%E5%8A%A1%E5%99%A8.html
openEuler_管理员指南_搭建服务_搭建repo服务器.txt,https://docs.openeuler.org/zh/docs/22.03_LTS/docs/Administration/%E6%90%AD%E5%BB%BArepo%E6%9C%8D%E5%8A%A1%E5%99%A8.html
openEuler_管理员指南_搭建服务_搭建web服务器.txt,https://docs.openeuler.org/zh/docs/22.03_LTS/docs/Administration/%E6%90%AD%E5%BB%BAweb%E6%9C%8D%E5%8A%A1%E5%99%A8.html
openEuler_管理员指南_搭建服务_搭建数据库服务器.txt,https://docs.openeuler.org/zh/docs/22.03_LTS/docs/Administration/%E6%90%AD%E5%BB%BA%E6%95%B0%E6%8D%AE%E5%BA%93%E6%9C%8D%E5%8A%A1%E5%99%A8.html
openEuler_管理员指南_管理服务.txt,https://docs.openeuler.org/zh/docs/22.03_LTS/docs/Administration/%E7%AE%A1%E7%90%86%E6%9C%8D%E5%8A%A1.html
openEuler_管理员指南_管理进程.txt,https://docs.openeuler.org/zh/docs/22.03_LTS/docs/Administration/%E7%AE%A1%E7%90%86%E8%BF%9B%E7%A8%8B.html
openEuler_管理员指南_管理内存.txt,https://docs.openeuler.org/zh/docs/22.03_LTS/docs/Administration/memory-management.html
openEuler_管理员指南_管理用户和用户组.txt,https://docs.openeuler.org/zh/docs/22.03_LTS/docs/Administration/%E7%AE%A1%E7%90%86%E7%94%A8%E6%88%B7%E5%92%8C%E7%94%A8%E6%88%B7%E7%BB%84.html
openEuler_管理员指南_基础配置.txt,https://docs.openeuler.org/zh/docs/22.03_LTS/docs/Administration/%E5%9F%BA%E7%A1%80%E9%85%8D%E7%BD%AE.html
openEuler_管理员指南_可信计算.txt,https://docs.openeuler.org/zh/docs/22.03_LTS/docs/Administration/%E5%8F%AF%E4%BF%A1%E8%AE%A1%E7%AE%97.html
openEuler_管理员指南_配置网络.txt,https://docs.openeuler.org/zh/docs/22.03_LTS/docs/Administration/%E9%85%8D%E7%BD%AE%E7%BD%91%E7%BB%9C.html
openEuler_管理员指南_使用DNF管理软件包.txt,https://docs.openeuler.org/zh/docs/22.03_LTS/docs/Administration/%E4%BD%BF%E7%94%A8DNF%E7%AE%A1%E7%90%86%E8%BD%AF%E4%BB%B6%E5%8C%85.html
openEuler_管理员指南_使用KAE加速引擎.txt,https://docs.openeuler.org/zh/docs/22.03_LTS/docs/Administration/%E4%BD%BF%E7%94%A8KAE%E5%8A%A0%E9%80%9F%E5%BC%95%E6%93%8E.html
openEuler_管理员指南_使用LVM管理硬盘.txt,https://docs.openeuler.org/zh/docs/22.03_LTS/docs/Administration/%E4%BD%BF%E7%94%A8LVM%E7%AE%A1%E7%90%86%E7%A1%AC%E7%9B%98.html
openEuler_内核热升级指南_安装部署.txt,https://docs.openeuler.org/zh/docs/22.03_LTS/docs/KernelLiveUpgrade/%E5%AE%89%E8%A3%85%E4%B8%8E%E9%83%A8%E7%BD%B2.html
openEuler_内核热升级指南_常见问题与解决方法.txt,https://docs.openeuler.org/zh/docs/22.03_LTS/docs/KernelLiveUpgrade/%E5%B8%B8%E8%A7%81%E9%97%AE%E9%A2%98%E4%B8%8E%E8%A7%A3%E5%86%B3%E6%96%B9%E6%B3%95.html
openEuler_内核热升级指南_使用方法.txt,https://docs.openeuler.org/zh/docs/22.03_LTS/docs/KernelLiveUpgrade/%E4%BD%BF%E7%94%A8%E6%96%B9%E6%B3%95.html
openEuler_容器用户指南_Docker容器_安装配置.txt,https://docs.openeuler.org/zh/docs/22.03_LTS/docs/Container/%E5%AE%89%E8%A3%85%E9%85%8D%E7%BD%AE-3.html
openEuler_容器用户指南_Docker容器_镜像管理.txt,https://docs.openeuler.org/zh/docs/22.03_LTS/docs/Container/%E9%95%9C%E5%83%8F%E7%AE%A1%E7%90%86-3.html
openEuler_容器用户指南_Docker容器_容器管理.txt,https://docs.openeuler.org/zh/docs/22.03_LTS/docs/Container/%E5%AE%B9%E5%99%A8%E7%AE%A1%E7%90%86-3.html
openEuler_容器用户指南_iSula容器引擎_安装、升级与卸载_安装与配置.txt,https://docs.openeuler.org/zh/docs/22.03_LTS/docs/Container/%E5%AE%89%E8%A3%85%E4%B8%8E%E9%85%8D%E7%BD%AE.html
openEuler_容器用户指南_iSula容器引擎_安装、升级与卸载_升级.txt,https://docs.openeuler.org/zh/docs/22.03_LTS/docs/Container/%E5%8D%87%E7%BA%A7.html
openEuler_容器用户指南_iSula容器引擎_安装、升级与卸载_卸载.txt,https://docs.openeuler.org/zh/docs/22.03_LTS/docs/Container/%E5%8D%B8%E8%BD%BD.html
openEuler_容器用户指南_iSula容器引擎_使用指南_CRI接口.txt,https://docs.openeuler.org/zh/docs/22.03_LTS/docs/Container/CRI%E6%8E%A5%E5%8F%A3.html
openEuler_容器用户指南_iSula容器引擎_使用指南_iSula对接shim v2安全容器.txt,https://docs.openeuler.org/zh/docs/22.03_LTS/docs/Container/iSula-shim-v2%E5%AF%B9%E6%8E%A5stratovirt.html
openEuler_容器用户指南_iSula容器引擎_使用指南_安全特性.txt,https://docs.openeuler.org/zh/docs/22.03_LTS/docs/Container/%E5%AE%89%E5%85%A8%E7%89%B9%E6%80%A7.html
openEuler_容器用户指南_iSula容器引擎_使用指南_本地卷管理.txt,https://docs.openeuler.org/zh/docs/22.03_LTS/docs/Container/%E6%9C%AC%E5%9C%B0%E5%8D%B7%E7%AE%A1%E7%90%86.html
openEuler_容器用户指南_iSula容器引擎_使用指南_查询信息.txt,https://docs.openeuler.org/zh/docs/22.03_LTS/docs/Container/%E6%9F%A5%E8%AF%A2%E4%BF%A1%E6%81%AF.html
openEuler_容器用户指南_iSula容器引擎_使用指南_镜像管理.txt,https://docs.openeuler.org/zh/docs/22.03_LTS/docs/Container/%E9%95%9C%E5%83%8F%E7%AE%A1%E7%90%86.html
openEuler_容器用户指南_iSula容器引擎_使用指南_容器管理.txt,https://docs.openeuler.org/zh/docs/22.03_LTS/docs/Container/%E5%AE%B9%E5%99%A8%E7%AE%A1%E7%90%86.html
openEuler_容器用户指南_iSula容器引擎_使用指南_容器健康状态检查.txt,https://docs.openeuler.org/zh/docs/22.03_LTS/docs/Container/%E5%AE%B9%E5%99%A8%E5%81%A5%E5%BA%B7%E7%8A%B6%E6%80%81%E6%A3%80%E6%9F%A5.html
openEuler_容器用户指南_iSula容器引擎_使用指南_特权容器.txt,https://docs.openeuler.org/zh/docs/22.03_LTS/docs/Container/%E7%89%B9%E6%9D%83%E5%AE%B9%E5%99%A8.html
openEuler_容器用户指南_iSula容器引擎_使用指南_支持CNI网络.txt,https://docs.openeuler.org/zh/docs/22.03_LTS/docs/Container/%E6%94%AF%E6%8C%81CNI%E7%BD%91%E7%BB%9C.html
openEuler_容器用户指南_iSula容器引擎_使用指南_支持OCI hooks.txt,https://docs.openeuler.org/zh/docs/22.03_LTS/docs/Container/%E6%94%AF%E6%8C%81OCI-hooks.html
openEuler_容器用户指南_安全容器_安装与配置.txt,https://docs.openeuler.org/zh/docs/22.03_LTS/docs/Container/%E5%AE%89%E8%A3%85%E4%B8%8E%E9%85%8D%E7%BD%AE-2.html
openEuler_容器用户指南_安全容器_使用方法_管理安全容器的生命周期.txt,https://docs.openeuler.org/zh/docs/22.03_LTS/docs/Container/%E7%AE%A1%E7%90%86%E5%AE%89%E5%85%A8%E5%AE%B9%E5%99%A8%E7%9A%84%E7%94%9F%E5%91%BD%E5%91%A8%E6%9C%9F.html
openEuler_容器用户指南_安全容器_使用方法_监控安全容器.txt,https://docs.openeuler.org/zh/docs/22.03_LTS/docs/Container/%E7%9B%91%E6%8E%A7%E5%AE%89%E5%85%A8%E5%AE%B9%E5%99%A8.html
openEuler_容器用户指南_安全容器_使用方法_为安全容器配置网络.txt,https://docs.openeuler.org/zh/docs/22.03_LTS/docs/Container/%E4%B8%BA%E5%AE%89%E5%85%A8%E5%AE%B9%E5%99%A8%E9%85%8D%E7%BD%AE%E7%BD%91%E7%BB%9C.html
openEuler_容器用户指南_安全容器_使用方法_为安全容器配置资源.txt,https://docs.openeuler.org/zh/docs/22.03_LTS/docs/Container/%E4%B8%BA%E5%AE%89%E5%85%A8%E5%AE%B9%E5%99%A8%E9%85%8D%E7%BD%AE%E8%B5%84%E6%BA%90.html
openEuler_容器用户指南_容器镜像构建.txt,https://docs.openeuler.org/zh/docs/22.03_LTS/docs/Container/isula-build%E6%9E%84%E5%BB%BA%E5%B7%A5%E5%85%B7.html
openEuler_容器用户指南_系统容器_安装指导.txt,https://docs.openeuler.org/zh/docs/22.03_LTS/docs/Container/%E5%AE%89%E8%A3%85%E6%8C%87%E5%AF%BC.html
openEuler_容器用户指南_系统容器_使用指南_cgroup路径可配置.txt,https://docs.openeuler.org/zh/docs/22.03_LTS/docs/Container/cgroup%E8%B7%AF%E5%BE%84%E5%8F%AF%E9%85%8D%E7%BD%AE.html
openEuler_容器用户指南_系统容器_使用指南_namespace化内核参数可写.txt,https://docs.openeuler.org/zh/docs/22.03_LTS/docs/Container/namespace%E5%8C%96%E5%86%85%E6%A0%B8%E5%8F%82%E6%95%B0%E5%8F%AF%E5%86%99.html
openEuler_容器用户指南_系统容器_使用指南_安全性和隔离性.txt,https://docs.openeuler.org/zh/docs/22.03_LTS/docs/Container/%E5%AE%89%E5%85%A8%E6%80%A7%E5%92%8C%E9%9A%94%E7%A6%BB%E6%80%A7.html
openEuler_容器用户指南_系统容器_使用指南_动态加载内核模块.txt,https://docs.openeuler.org/zh/docs/22.03_LTS/docs/Container/%E5%8A%A8%E6%80%81%E5%8A%A0%E8%BD%BD%E5%86%85%E6%A0%B8%E6%A8%A1%E5%9D%97.html
openEuler_容器用户指南_系统容器_使用指南_共享内存通道.txt,https://docs.openeuler.org/zh/docs/22.03_LTS/docs/Container/%E5%85%B1%E4%BA%AB%E5%86%85%E5%AD%98%E9%80%9A%E9%81%93.html
openEuler_容器用户指南_系统容器_使用指南_环境变量持久化.txt,https://docs.openeuler.org/zh/docs/22.03_LTS/docs/Container/%E7%8E%AF%E5%A2%83%E5%8F%98%E9%87%8F%E6%8C%81%E4%B9%85%E5%8C%96.html
openEuler_容器用户指南_系统容器_使用指南_容器内rebootshutdown.txt,https://docs.openeuler.org/zh/docs/22.03_LTS/docs/Container/%E5%AE%B9%E5%99%A8%E5%86%85reboot-shutdown.html
openEuler_容器用户指南_系统容器_使用指南_容器资源动态管理.txt,https://docs.openeuler.org/zh/docs/22.03_LTS/docs/Container/%E5%AE%B9%E5%99%A8%E8%B5%84%E6%BA%90%E5%8A%A8%E6%80%81%E7%AE%A1%E7%90%86.html
openEuler_容器用户指南_系统容器_使用指南_通过systemd启动容器.txt,https://docs.openeuler.org/zh/docs/22.03_LTS/docs/Container/%E9%80%9A%E8%BF%87systemd%E5%90%AF%E5%8A%A8%E5%AE%B9%E5%99%A8.html
openEuler_容器用户指南_系统容器_使用指南_指定rootfs创建容器.txt,https://docs.openeuler.org/zh/docs/22.03_LTS/docs/Container/%E6%8C%87%E5%AE%9Arootfs%E5%88%9B%E5%BB%BA%E5%AE%B9%E5%99%A8.html
openEuler_容器用户指南_系统容器_使用指南_最大句柄数限制.txt,https://docs.openeuler.org/zh/docs/22.03_LTS/docs/Container/%E6%9C%80%E5%A4%A7%E5%8F%A5%E6%9F%84%E6%95%B0%E9%99%90%E5%88%B6.html
openEuler_虚拟化用户指南_安装虚拟化.txt,https://docs.openeuler.org/zh/docs/22.03_LTS/docs/Virtualization/%E5%AE%89%E8%A3%85%E8%99%9A%E6%8B%9F%E5%8C%96.html
openEuler_虚拟化用户指南_工具使用指南_LibcarePlus.txt,https://docs.openeuler.org/zh/docs/22.03_LTS/docs/Virtualization/LibcarePlus.html
openEuler_虚拟化用户指南_工具使用指南_vmtop.txt,https://docs.openeuler.org/zh/docs/22.03_LTS/docs/Virtualization/vmtop.html
openEuler_虚拟化用户指南_管理设备.txt,https://docs.openeuler.org/zh/docs/22.03_LTS/docs/Virtualization/%E7%AE%A1%E7%90%86%E8%AE%BE%E5%A4%87.html
openEuler_虚拟化用户指南_管理系统资源.txt,https://docs.openeuler.org/zh/docs/22.03_LTS/docs/Virtualization/%E7%AE%A1%E7%90%86%E7%B3%BB%E7%BB%9F%E8%B5%84%E6%BA%90.html
openEuler_虚拟化用户指南_管理虚拟机.txt,https://docs.openeuler.org/zh/docs/22.03_LTS/docs/Virtualization/%E7%AE%A1%E7%90%86%E8%99%9A%E6%8B%9F%E6%9C%BA.html
openEuler_虚拟化用户指南_管理虚拟机可维护性.txt,https://docs.openeuler.org/zh/docs/22.03_LTS/docs/Virtualization/%E7%AE%A1%E7%90%86%E8%99%9A%E6%8B%9F%E6%9C%BA%E5%8F%AF%E7%BB%B4%E6%8A%A4%E6%80%A7.html
